Workbook

Sheet Instrucciones
A1: Matriz de elegibilidad y evaluación de proyectos – FEAC BCS
A2: Aplica los criterios del documento metodológico «Criterios de elegibilidad y selección de proyectos – FEAC BCS».
A4: Cómo usarla
A5: 1. En la hoja «Evaluacion», llene una fila por proyecto. Solo se editan las celdas amarillas; las blancas calculan solas.
A6: 2. Columnas E1–E12 y «Req. específico»: elija Sí o No. Un solo No vuelve al proyecto «No elegible».
A7: 3. Columnas C1–C8: califique de 0 a 4 (ver escala en «Criterios»). Solo se puntúan proyectos elegibles.
A8: 4. El puntaje (0–100), el resultado y la prelación se calculan solos.
A9: 5. Pesos, umbral y mínimos se cambian en la hoja «Criterios» (celdas amarillas); todas las fórmulas los leen de ahí.
A11: Reglas de decisión
A12: • Elegible = cumple E1 a E12 y el requisito específico de su fracción.
A13: • Aprobable = elegible, puntaje ≥ umbral (60) y calificación ≥ 2 en C1 (impacto) y C3 (viabilidad técnica).
A14: • Prelación: orden por puntaje entre los aprobables. Desempate: C2, luego C1, luego % de cofinanciamiento (manual).
... A17: Fuente: Propuesta de Decreto FEAC BCS (versión 1), arts. 3, 4, 5, 9, 14, 16 y 17.

Sheet Evaluacion
A1: Matriz de elegibilidad y evaluación
A2: Celdas amarillas = captura. Blancas = fórmulas, no editar.
I3: Criterios generales de elegibilidad (Sí/No) | W3: Calificación 0–4
A4: ID | B4: Proyecto | C4: Proponente | D4: Tipo de proponente | E4: Fracción (art. 4) | F4: Línea temática | G4: Monto solicitado (MXN) | H4: Cofinanciamiento (%) | I4: E1 | J4: E2 | K4: E3 | L4: E4 | M4: E5 | N4: E6 | O4: E7 | P4: E8 | Q4: E9 | R4: E10 | S4: E11 | T4: E12 | U4: Req. específico | V4: Elegibilidad | W4: C1 | X4: C2 | Y4: C3 | Z4: C4 | AA4: C5 | AB4: C6 | AC4: C7 | AD4: C8 | AE4: Puntaje (0-100) | AF4: Mínimos C1 y C3 | AG4: Resultado | AH4: Prelación | AI4: Observaciones
A5: EJ-01 | B5: Restauración de manglar en laguna costera (ejemplo) | C5: OSC ejemplo | D5: Privado - OSC | E5: IV | F5: =IF(E5="","",IFERROR(INDEX(Temas!$B$4:$B$19,MATCH(E5,Temas!$A$4:$A$19,0)),"Fracción no válida")) -> B. Capital natural y biodiversidad | G5: 2500000 | H5: 0.3 | I5: Sí | J5: Sí | K5: Sí | L5: Sí | M5: Sí | N5: Sí | O5: Sí | P5: Sí | Q5: Sí | R5: Sí | S5: Sí | T5: Sí | U5: Sí | V5: =IF(COUNTA(I5:U5)=0,"",IF(COUNTIF(I5:U5,"Sí")=13,"Elegible",IF(COUNTA(I5:U5)<13,"Incompleto","No elegible"))) -> Elegible | W5: 3 | X5: 3 | Y5: 3 | Z5: 2 | AA5: 3 | AB5: 2 | AC5: 4 | AD5: 3 | AE5: =IF(AND(V5="Elegible",COUNT(W5:AD5)=8),ROUND(N(W5)/Criterios!$C$18*Criterios!$C$4+N(X5)/Criterios!$C$18*Criterios!$C$5+N(Y5)/Criterios!$C$18*Criterios!$C$6+N(Z5)/Criterios!$C$18*Criterios!$C$7+N(AA5)/Criterios!$C$18*Criterios!$C$8+N(AB5)/Criterios!$C$18*Criterios!$C$9+N(AC5)/Criterios!$C$18*Criterios!$C$10+N(AD5)/Criterios!$C$18*Criterios!$C$11,1),"") -> 70 | AF5: =IF(AE5="","",IF(AND(W5>=Criterios!$C$16,Y5>=Criterios!$C$17),"Cumple","No cumple")) -> Cumple | AG5: =IF(V5="","",IF(V5<>"Elegible",V5,IF(AE5="","Pendiente de calificar",IF(AND(AE5>=Criterios!$C$15,AF5="Cumple"),"Aprobable","No aprobable")))) -> Aprobable | AH5: =IF(AG5="Aprobable",COUNTIFS($AG$5:$AG$54,"Aprobable",$AE$5:$AE$54,">"&AE5)+1,"") -> 1 | AI5: Fila de ejemplo: bórrela antes de usar
F6: =IF(E6="","",IFERROR(INDEX(Temas!$B$4:$B$19,MATCH(E6,Temas!$A$4:$A$19,0)),"Fracción no válida")) | V6: =IF(COUNTA(I6:U6)=0,"",IF(COUNTIF(I6:U6,"Sí")=13,"Elegible",IF(COUNTA(I6:U6)<13,"Incompleto","No elegible"))) | AE6: =IF(AND(V6="Elegible",COUNT(W6:AD6)=8),ROUND(N(W6)/Criterios!$C$18*Criterios!$C$4+N(X6)/Criterios!$C$18*Criterios!$C$5+N(Y6)/Criterios!$C$18*Criterios!$C$6+N(Z6)/Criterios!$C$18*Criterios!$C$7+N(AA6)/Criterios!$C$18*Criterios!$C$8+N(AB6)/Criterios!$C$18*Criterios!$C$9+N(AC6)/Criterios!$C$18*Criterios!$C$10+N(AD6)/Criterios!$C$18*Criterios!$C$11,1),"") | AF6: =IF(AE6="","",IF(AND(W6>=Criterios!$C$16,Y6>=Criterios!$C$17),"Cumple","No cumple")) | AG6: =IF(V6="","",IF(V6<>"Elegible",V6,IF(AE6="","Pendiente de calificar",IF(AND(AE6>=Criterios!$C$15,AF6="Cumple"),"Aprobable","No aprobable")))) | AH6: =IF(AG6="Aprobable",COUNTIFS($AG$5:$AG$54,"Aprobable",$AE$5:$AE$54,">"&AE6)+1,"")
F7: =IF(E7="","",IFERROR(INDEX(Temas!$B$4:$B$19,MATCH(E7,Temas!$A$4:$A$19,0)),"Fracción no válida")) | V7: =IF(COUNTA(I7:U7)=0,"",IF(COUNTIF(I7:U7,"Sí")=13,"Elegible",IF(COUNTA(I7:U7)<13,"Incompleto","No elegible"))) | AE7: =IF(AND(V7="Elegible",COUNT(W7:AD7)=8),ROUND(N(W7)/Criterios!$C$18*Criterios!$C$4+N(X7)/Criterios!$C$18*Criterios!$C$5+N(Y7)/Criterios!$C$18*Criterios!$C$6+N(Z7)/Criterios!$C$18*Criterios!$C$7+N(AA7)/Criterios!$C$18*Criterios!$C$8+N(AB7)/Criterios!$C$18*Criterios!$C$9+N(AC7)/Criterios!$C$18*Criterios!$C$10+N(AD7)/Criterios!$C$18*Criterios!$C$11,1),"") | AF7: =IF(AE7="","",IF(AND(W7>=Criterios!$C$16,Y7>=Criterios!$C$17),"Cumple","No cumple")) | AG7: =IF(V7="","",IF(V7<>"Elegible",V7,IF(AE7="","Pendiente de calificar",IF(AND(AE7>=Criterios!$C$15,AF7="Cumple"),"Aprobable","No aprobable")))) | AH7: =IF(AG7="Aprobable",COUNTIFS($AG$5:$AG$54,"Aprobable",$AE$5:$AE$54,">"&AE7)+1,"")
F8: =IF(E8="","",IFERROR(INDEX(Temas!$B$4:$B$19,MATCH(E8,Temas!$A$4:$A$19,0)),"Fracción no válida")) | V8: =IF(COUNTA(I8:U8)=0,"",IF(COUNTIF(I8:U8,"Sí")=13,"Elegible",IF(COUNTA(I8:U8)<13,"Incompleto","No elegible"))) | AE8: =IF(AND(V8="Elegible",COUNT(W8:AD8)=8),ROUND(N(W8)/Criterios!$C$18*Criterios!$C$4+N(X8)/Criterios!$C$18*Criterios!$C$5+N(Y8)/Criterios!$C$18*Criterios!$C$6+N(Z8)/Criterios!$C$18*Criterios!$C$7+N(AA8)/Criterios!$C$18*Criterios!$C$8+N(AB8)/Criterios!$C$18*Criterios!$C$9+N(AC8)/Criterios!$C$18*Criterios!$C$10+N(AD8)/Criterios!$C$18*Criterios!$C$11,1),"") | AF8: =IF(AE8="","",IF(AND(W8>=Criterios!$C$16,Y8>=Criterios!$C$17),"Cumple","No cumple")) | AG8: =IF(V8="","",IF(V8<>"Elegible",V8,IF(AE8="","Pendiente de calificar",IF(AND(AE8>=Criterios!$C$15,AF8="Cumple"),"Aprobable","No aprobable")))) | AH8: =IF(AG8="Aprobable",COUNTIFS($AG$5:$AG$54,"Aprobable",$AE$5:$AE$54,">"&AE8)+1,"")
F9: =IF(E9="","",IFERROR(INDEX(Temas!$B$4:$B$19,MATCH(E9,Temas!$A$4:$A$19,0)),"Fracción no válida")) | V9: =IF(COUNTA(I9:U9)=0,"",IF(COUNTIF(I9:U9,"Sí")=13,"Elegible",IF(COUNTA(I9:U9)<13,"Incompleto","No elegible"))) | AE9: =IF(AND(V9="Elegible",COUNT(W9:AD9)=8),ROUND(N(W9)/Criterios!$C$18*Criterios!$C$4+N(X9)/Criterios!$C$18*Criterios!$C$5+N(Y9)/Criterios!$C$18*Criterios!$C$6+N(Z9)/Criterios!$C$18*Criterios!$C$7+N(AA9)/Criterios!$C$18*Criterios!$C$8+N(AB9)/Criterios!$C$18*Criterios!$C$9+N(AC9)/Criterios!$C$18*Criterios!$C$10+N(AD9)/Criterios!$C$18*Criterios!$C$11,1),"") | AF9: =IF(AE9="","",IF(AND(W9>=Criterios!$C$16,Y9>=Criterios!$C$17),"Cumple","No cumple")) | AG9: =IF(V9="","",IF(V9<>"Elegible",V9,IF(AE9="","Pendiente de calificar",IF(AND(AE9>=Criterios!$C$15,AF9="Cumple"),"Aprobable","No aprobable")))) | AH9: =IF(AG9="Aprobable",COUNTIFS($AG$5:$AG$54,"Aprobable",$AE$5:$AE$54,">"&AE9)+1,"")
F10: =IF(E10="","",IFERROR(INDEX(Temas!$B$4:$B$19,MATCH(E10,Temas!$A$4:$A$19,0)),"Fracción no válida")) | V10: =IF(COUNTA(I10:U10)=0,"",IF(COUNTIF(I10:U10,"Sí")=13,"Elegible",IF(COUNTA(I10:U10)<13,"Incompleto","No elegible"))) | AE10: =IF(AND(V10="Elegible",COUNT(W10:AD10)=8),ROUND(N(W10)/Criterios!$C$18*Criterios!$C$4+N(X10)/Criterios!$C$18*Criterios!$C$5+N(Y10)/Criterios!$C$18*Criterios!$C$6+N(Z10)/Criterios!$C$18*Criterios!$C$7+N(AA10)/Criterios!$C$18*Criterios!$C$8+N(AB10)/Criterios!$C$18*Criterios!$C$9+N(AC10)/Criterios!$C$18*Criterios!$C$10+N(AD10)/Criterios!$C$18*Criterios!$C$11,1),"") | AF10: =IF(AE10="","",IF(AND(W10>=Criterios!$C$16,Y10>=Criterios!$C$17),"Cumple","No cumple")) | AG10: =IF(V10="","",IF(V10<>"Elegible",V10,IF(AE10="","Pendiente de calificar",IF(AND(AE10>=Criterios!$C$15,AF10="Cumple"),"Aprobable","No aprobable")))) | AH10: =IF(AG10="Aprobable",COUNTIFS($AG$5:$AG$54,"Aprobable",$AE$5:$AE$54,">"&AE10)+1,"")
F11: =IF(E11="","",IFERROR(INDEX(Temas!$B$4:$B$19,MATCH(E11,Temas!$A$4:$A$19,0)),"Fracción no válida")) | V11: =IF(COUNTA(I11:U11)=0,"",IF(COUNTIF(I11:U11,"Sí")=13,"Elegible",IF(COUNTA(I11:U11)<13,"Incompleto","No elegible"))) | AE11: =IF(AND(V11="Elegible",COUNT(W11:AD11)=8),ROUND(N(W11)/Criterios!$C$18*Criterios!$C$4+N(X11)/Criterios!$C$18*Criterios!$C$5+N(Y11)/Criterios!$C$18*Criterios!$C$6+N(Z11)/Criterios!$C$18*Criterios!$C$7+N(AA11)/Criterios!$C$18*Criterios!$C$8+N(AB11)/Criterios!$C$18*Criterios!$C$9+N(AC11)/Criterios!$C$18*Criterios!$C$10+N(AD11)/Criterios!$C$18*Criterios!$C$11,1),"") | AF11: =IF(AE11="","",IF(AND(W11>=Criterios!$C$16,Y11>=Criterios!$C$17),"Cumple","No cumple")) | AG11: =IF(V11="","",IF(V11<>"Elegible",V11,IF(AE11="","Pendiente de calificar",IF(AND(AE11>=Criterios!$C$15,AF11="Cumple"),"Aprobable","No aprobable")))) | AH11: =IF(AG11="Aprobable",COUNTIFS($AG$5:$AG$54,"Aprobable",$AE$5:$AE$54,">"&AE11)+1,"")
F12: =IF(E12="","",IFERROR(INDEX(Temas!$B$4:$B$19,MATCH(E12,Temas!$A$4:$A$19,0)),"Fracción no válida")) | V12: =IF(COUNTA(I12:U12)=0,"",IF(COUNTIF(I12:U12,"Sí")=13,"Elegible",IF(COUNTA(I12:U12)<13,"Incompleto","No elegible"))) | AE12: =IF(AND(V12="Elegible",COUNT(W12:AD12)=8),ROUND(N(W12)/Criterios!$C$18*Criterios!$C$4+N(X12)/Criterios!$C$18*Criterios!$C$5+N(Y12)/Criterios!$C$18*Criterios!$C$6+N(Z12)/Criterios!$C$18*Criterios!$C$7+N(AA12)/Criterios!$C$18*Criterios!$C$8+N(AB12)/Criterios!$C$18*Criterios!$C$9+N(AC12)/Criterios!$C$18*Criterios!$C$10+N(AD12)/Criterios!$C$18*Criterios!$C$11,1),"") | AF12: =IF(AE12="","",IF(AND(W12>=Criterios!$C$16,Y12>=Criterios!$C$17),"Cumple","No cumple")) | AG12: =IF(V12="","",IF(V12<>"Elegible",V12,IF(AE12="","Pendiente de calificar",IF(AND(AE12>=Criterios!$C$15,AF12="Cumple"),"Aprobable","No aprobable")))) | AH12: =IF(AG12="Aprobable",COUNTIFS($AG$5:$AG$54,"Aprobable",$AE$5:$AE$54,">"&AE12)+1,"")
F13: =IF(E13="","",IFERROR(INDEX(Temas!$B$4:$B$19,MATCH(E13,Temas!$A$4:$A$19,0)),"Fracción no válida")) | V13: =IF(COUNTA(I13:U13)=0,"",IF(COUNTIF(I13:U13,"Sí")=13,"Elegible",IF(COUNTA(I13:U13)<13,"Incompleto","No elegible"))) | AE13: =IF(AND(V13="Elegible",COUNT(W13:AD13)=8),ROUND(N(W13)/Criterios!$C$18*Criterios!$C$4+N(X13)/Criterios!$C$18*Criterios!$C$5+N(Y13)/Criterios!$C$18*Criterios!$C$6+N(Z13)/Criterios!$C$18*Criterios!$C$7+N(AA13)/Criterios!$C$18*Criterios!$C$8+N(AB13)/Criterios!$C$18*Criterios!$C$9+N(AC13)/Criterios!$C$18*Criterios!$C$10+N(AD13)/Criterios!$C$18*Criterios!$C$11,1),"") | AF13: =IF(AE13="","",IF(AND(W13>=Criterios!$C$16,Y13>=Criterios!$C$17),"Cumple","No cumple")) | AG13: =IF(V13="","",IF(V13<>"Elegible",V13,IF(AE13="","Pendiente de calificar",IF(AND(AE13>=Criterios!$C$15,AF13="Cumple"),"Aprobable","No aprobable")))) | AH13: =IF(AG13="Aprobable",COUNTIFS($AG$5:$AG$54,"Aprobable",$AE$5:$AE$54,">"&AE13)+1,"")
F14: =IF(E14="","",IFERROR(INDEX(Temas!$B$4:$B$19,MATCH(E14,Temas!$A$4:$A$19,0)),"Fracción no válida")) | V14: =IF(COUNTA(I14:U14)=0,"",IF(COUNTIF(I14:U14,"Sí")=13,"Elegible",IF(COUNTA(I14:U14)<13,"Incompleto","No elegible"))) | AE14: =IF(AND(V14="Elegible",COUNT(W14:AD14)=8),ROUND(N(W14)/Criterios!$C$18*Criterios!$C$4+N(X14)/Criterios!$C$18*Criterios!$C$5+N(Y14)/Criterios!$C$18*Criterios!$C$6+N(Z14)/Criterios!$C$18*Criterios!$C$7+N(AA14)/Criterios!$C$18*Criterios!$C$8+N(AB14)/Criterios!$C$18*Criterios!$C$9+N(AC14)/Criterios!$C$18*Criterios!$C$10+N(AD14)/Criterios!$C$18*Criterios!$C$11,1),"") | AF14: =IF(AE14="","",IF(AND(W14>=Criterios!$C$16,Y14>=Criterios!$C$17),"Cumple","No cumple")) | AG14: =IF(V14="","",IF(V14<>"Elegible",V14,IF(AE14="","Pendiente de calificar",IF(AND(AE14>=Criterios!$C$15,AF14="Cumple"),"Aprobable","No aprobable")))) | AH14: =IF(AG14="Aprobable",COUNTIFS($AG$5:$AG$54,"Aprobable",$AE$5:$AE$54,">"&AE14)+1,"")
F15: =IF(E15="","",IFERROR(INDEX(Temas!$B$4:$B$19,MATCH(E15,Temas!$A$4:$A$19,0)),"Fracción no válida")) | V15: =IF(COUNTA(I15:U15)=0,"",IF(COUNTIF(I15:U15,"Sí")=13,"Elegible",IF(COUNTA(I15:U15)<13,"Incompleto","No elegible"))) | AE15: =IF(AND(V15="Elegible",COUNT(W15:AD15)=8),ROUND(N(W15)/Criterios!$C$18*Criterios!$C$4+N(X15)/Criterios!$C$18*Criterios!$C$5+N(Y15)/Criterios!$C$18*Criterios!$C$6+N(Z15)/Criterios!$C$18*Criterios!$C$7+N(AA15)/Criterios!$C$18*Criterios!$C$8+N(AB15)/Criterios!$C$18*Criterios!$C$9+N(AC15)/Criterios!$C$18*Criterios!$C$10+N(AD15)/Criterios!$C$18*Criterios!$C$11,1),"") | AF15: =IF(AE15="","",IF(AND(W15>=Criterios!$C$16,Y15>=Criterios!$C$17),"Cumple","No cumple")) | AG15: =IF(V15="","",IF(V15<>"Elegible",V15,IF(AE15="","Pendiente de calificar",IF(AND(AE15>=Criterios!$C$15,AF15="Cumple"),"Aprobable","No aprobable")))) | AH15: =IF(AG15="Aprobable",COUNTIFS($AG$5:$AG$54,"Aprobable",$AE$5:$AE$54,">"&AE15)+1,"")
F16: =IF(E16="","",IFERROR(INDEX(Temas!$B$4:$B$19,MATCH(E16,Temas!$A$4:$A$19,0)),"Fracción no válida")) | V16: =IF(COUNTA(I16:U16)=0,"",IF(COUNTIF(I16:U16,"Sí")=13,"Elegible",IF(COUNTA(I16:U16)<13,"Incompleto","No elegible"))) | AE16: =IF(AND(V16="Elegible",COUNT(W16:AD16)=8),ROUND(N(W16)/Criterios!$C$18*Criterios!$C$4+N(X16)/Criterios!$C$18*Criterios!$C$5+N(Y16)/Criterios!$C$18*Criterios!$C$6+N(Z16)/Criterios!$C$18*Criterios!$C$7+N(AA16)/Criterios!$C$18*Criterios!$C$8+N(AB16)/Criterios!$C$18*Criterios!$C$9+N(AC16)/Criterios!$C$18*Criterios!$C$10+N(AD16)/Criterios!$C$18*Criterios!$C$11,1),"") | AF16: =IF(AE16="","",IF(AND(W16>=Criterios!$C$16,Y16>=Criterios!$C$17),"Cumple","No cumple")) | AG16: =IF(V16="","",IF(V16<>"Elegible",V16,IF(AE16="","Pendiente de calificar",IF(AND(AE16>=Criterios!$C$15,AF16="Cumple"),"Aprobable","No aprobable")))) | AH16: =IF(AG16="Aprobable",COUNTIFS($AG$5:$AG$54,"Aprobable",$AE$5:$AE$54,">"&AE16)+1,"")
F17: =IF(E17="","",IFERROR(INDEX(Temas!$B$4:$B$19,MATCH(E17,Temas!$A$4:$A$19,0)),"Fracción no válida")) | V17: =IF(COUNTA(I17:U17)=0,"",IF(COUNTIF(I17:U17,"Sí")=13,"Elegible",IF(COUNTA(I17:U17)<13,"Incompleto","No elegible"))) | AE17: =IF(AND(V17="Elegible",COUNT(W17:AD17)=8),ROUND(N(W17)/Criterios!$C$18*Criterios!$C$4+N(X17)/Criterios!$C$18*Criterios!$C$5+N(Y17)/Criterios!$C$18*Criterios!$C$6+N(Z17)/Criterios!$C$18*Criterios!$C$7+N(AA17)/Criterios!$C$18*Criterios!$C$8+N(AB17)/Criterios!$C$18*Criterios!$C$9+N(AC17)/Criterios!$C$18*Criterios!$C$10+N(AD17)/Criterios!$C$18*Criterios!$C$11,1),"") | AF17: =IF(AE17="","",IF(AND(W17>=Criterios!$C$16,Y17>=Criterios!$C$17),"Cumple","No cumple")) | AG17: =IF(V17="","",IF(V17<>"Elegible",V17,IF(AE17="","Pendiente de calificar",IF(AND(AE17>=Criterios!$C$15,AF17="Cumple"),"Aprobable","No aprobable")))) | AH17: =IF(AG17="Aprobable",COUNTIFS($AG$5:$AG$54,"Aprobable",$AE$5:$AE$54,">"&AE17)+1,"")
... F54: =IF(E54="","",IFERROR(INDEX(Temas!$B$4:$B$19,MATCH(E54,Temas!$A$4:$A$19,0)),"Fracción no válida")) | V54: =IF(COUNTA(I54:U54)=0,"",IF(COUNTIF(I54:U54,"Sí")=13,"Elegible",IF(COUNTA(I54:U54)<13,"Incompleto","No elegible"))) | AE54: =IF(AND(V54="Elegible",COUNT(W54:AD54)=8),ROUND(N(W54)/Criterios!$C$18*Criterios!$C$4+N(X54)/Criterios!$C$18*Criterios!$C$5+N(Y54)/Criterios!$C$18*Criterios!$C$6+N(Z54)/Criterios!$C$18*Criterios!$C$7+N(AA54)/Criterios!$C$18*Criterios!$C$8+N(AB54)/Criterios!$C$18*Criterios!$C$9+N(AC54)/Criterios!$C$18*Criterios!$C$10+N(AD54)/Criterios!$C$18*Criterios!$C$11,1),"") | AF54: =IF(AE54="","",IF(AND(W54>=Criterios!$C$16,Y54>=Criterios!$C$17),"Cumple","No cumple")) | AG54: =IF(V54="","",IF(V54<>"Elegible",V54,IF(AE54="","Pendiente de calificar",IF(AND(AE54>=Criterios!$C$15,AF54="Cumple"),"Aprobable","No aprobable")))) | AH54: =IF(AG54="Aprobable",COUNTIFS($AG$5:$AG$54,"Aprobable",$AE$5:$AE$54,">"&AE54)+1,"")

Sheet Temas
A1: Temas financiables (art. 4 del Decreto) y criterios específicos
A3: Fracción | B3: Línea temática | C3: Tema | D3: Requisito específico de elegibilidad | E3: Indicador de impacto (C1)
A4: I | B4: A. Adaptación y resiliencia | C4: Adaptación y reducción de vulnerabilidad | D4: Se ubica en comunidad rural, costera o zona de alto riesgo, o atiende a un grupo vulnerable; parte de un diagnóstico de vulnerabilidad o atlas de riesgos | E4: Personas u hogares con vulnerabilidad reducida
A5: II | B5: C. Mitigación y transición energética | C5: Mitigación de emisiones | D5: Presenta línea base de emisiones y método de cálculo de la reducción | E5: tCO2e reducidas o evitadas por año
A6: III | B6: A. Adaptación y resiliencia | C6: Resiliencia territorial e infraestructura resiliente | D6: Incorpora escenarios climáticos o de riesgo en el diseño; si es obra, tiene proyecto ejecutivo o ruta para obtenerlo | E6: Población y activos protegidos
A7: IV | B7: B. Capital natural y biodiversidad | C7: Conservación y restauración de capital natural | D7: Superficie delimitada, tenencia acreditada y acuerdo con propietarios o núcleos agrarios; en un área natural protegida, alineado a su programa de manejo | E7: Hectáreas conservadas o restauradas
A8: V | B8: B. Capital natural y biodiversidad | C8: Restauración ecológica, reforestación y corredores | D8: Usa especies nativas e incluye mantenimiento y monitoreo de sobrevivencia por al menos 3 años | E8: Hectáreas restauradas, % de sobrevivencia, km de corredor
A9: VI | B9: C. Mitigación y transición energética | C9: Transición energética | D9: Diagnóstico energético o estudio de recurso; cumple la normatividad de interconexión cuando aplica | E9: MWh ahorrados o generados por año; hogares electrificados
A10: VII | B10: C. Mitigación y transición energética | C10: Electromovilidad y tecnologías limpias | D10: Beneficio público (transporte público, escuelas, hospitales, edificios públicos o vivienda social) y análisis de costo total de propiedad | E10: tCO2e evitadas; unidades o inmuebles intervenidos
A11: VIII | B11: D. Calidad ambiental urbana y residuos | C11: Calidad del aire y movilidad sustentable | D11: Se basa en datos de calidad del aire o diagnóstico de movilidad; los equipos de monitoreo cumplen la NOM aplicable | E11: Contaminantes criterio reducidos; estaciones o km de infraestructura
A12: IX | B12: D. Calidad ambiental urbana y residuos | C12: Residuos y economía circular | D12: Es congruente con el programa municipal o estatal de residuos y tiene destino final autorizado | E12: Toneladas desviadas de disposición final por año
A13: X | B13: E. Conocimiento, educación e instituciones | C13: Educación ambiental y cultura climática | D13: Define población objetivo, contenidos y una evaluación antes y después | E13: Personas con aprendizaje verificado
A14: XI | B14: E. Conocimiento, educación e instituciones | C14: Investigación, innovación y tecnología | D14: La ejecuta una institución de investigación o una alianza con ella; muestra la ruta de aplicación en BCS | E14: Tecnologías transferidas, prototipos o productos aplicados
... A19: XVI | B19: F. Acciones estratégicas | C19: Acciones estratégicas | D19: Acuerdo de la Comisión Intersectorial de Cambio Climático que la determine | E19: El que fije el acuerdo

Sheet Criterios
A1: Criterios de evaluación, pesos y parámetros
A3: Clave | B3: Criterio | C3: Peso (pts) | D3: Qué se califica
A4: C1 | B4: Impacto climático y ambiental | C4: 25 | D4: Magnitud del resultado en el indicador de la fracción, con línea base y meta
A5: C2 | B5: Atención a población y territorios vulnerables | C5: 15 | D5: Comunidades rurales, costeras o de alto riesgo; pueblos indígenas, mujeres, niñas, niños, personas con discapacidad
A6: C3 | B6: Viabilidad técnica | C6: 15 | D6: Solidez del diseño, metodología, cronograma y riesgos
A7: C4 | B7: Viabilidad financiera y costo-efectividad | C7: 15 | D7: Costo por unidad de resultado, costo-beneficio y cofinanciamiento
A8: C5 | B8: Viabilidad legal, administrativa y capacidad del proponente | C8: 10 | D8: Permisos, experiencia previa y equipo
A9: C6 | B9: Sostenibilidad y permanencia | C9: 10 | D9: Quién opera y paga el mantenimiento al terminar el apoyo
A10: C7 | B10: Cobeneficios y transversalidad | C10: 5 | D10: Efecto simultáneo en adaptación, mitigación o capital natural; aporte a la Agenda 2030
A11: C8 | B11: Participación social, género e inclusión | C11: 5 | D11: Participación de la comunidad en diseño y ejecución; enfoque de género
B12: Total (debe sumar 100) | C12: =SUM(C4:C11) -> 100
A14: Parámetros de decisión
B15: Puntaje mínimo para ser aprobable | C15: 60
B16: Calificación mínima en C1 (impacto) | C16: 2
B17: Calificación mínima en C3 (viabilidad técnica) | C17: 2
B18: Calificación máxima de la escala | C18: 4
A20: Escala de calificación
A21: Nivel | B21: Significado
A22: 0 | B22: No presenta información o no cumple
A23: 1 | B23: Insuficiente: información parcial o sin sustento
A24: 2 | B24: Básico: cumple lo mínimo, con supuestos razonables
A25: 3 | B25: Bueno: sustento sólido y metas cuantificadas
A26: 4 | B26: Sobresaliente: evidencia sólida, metas ambiciosas y verificables
